[
  {
    "id": "e6ecdac4-9cef-490e-ab1c-ba0ef961692d",
    "data": [
      {
        "text": "no",
        "alias": "Confirmation",
        "meta": "@Confirmation",
        "userDefined": false
      }
    ],
    "isTemplate": false,
    "count": 0,
    "updated": 0
  },
  {
    "id": "07370be9-1773-4f7f-911e-7a5b186b28ac",
    "data": [
      {
        "text": "No",
        "alias": "Confirmation",
        "meta": "@Confirmation",
        "userDefined": true
      }
    ],
    "isTemplate": false,
    "count": 0,
    "updated": 1519762759
  },
  {
    "id": "849ebb1f-6f70-45e7-af1e-f8a565217b6c",
    "data": [
      {
        "text": "no",
        "alias": "Confirmation",
        "meta": "@Confirmation",
        "userDefined": false
      }
    ],
    "isTemplate": false,
    "count": 0,
    "updated": 0
  },
  {
    "id": "4feb5a3c-39bf-4d30-bd85-c33c118a36e4",
    "data": [
      {
        "text": "no",
        "alias": "Confirmation",
        "meta": "@Confirmation",
        "userDefined": false
      }
    ],
    "isTemplate": false,
    "count": 0,
    "updated": 0
  },
  {
    "id": "7e542d53-463e-413e-8c78-734f80c5a828",
    "data": [
      {
        "text": "Yes",
        "alias": "Confirmation",
        "meta": "@Confirmation",
        "userDefined": true
      }
    ],
    "isTemplate": false,
    "count": 0,
    "updated": 1519762759
  }
]