[
  {
    "id": "201ab842-550e-4a7a-9a18-3d0fc28cdc6d",
    "data": [
      {
        "text": "45",
        "alias": "slot-start",
        "meta": "@sys.number",
        "userDefined": true
      },
      {
        "text": ", ",
        "userDefined": false
      },
      {
        "text": "46",
        "alias": "slot-end",
        "meta": "@sys.number",
        "userDefined": true
      }
    ],
    "isTemplate": false,
    "count": 0,
    "updated": 1519959452
  },
  {
    "id": "bec1fcca-3dce-4c35-962a-59d79f044509",
    "data": [
      {
        "text": "45",
        "alias": "slot-start",
        "meta": "@sys.number",
        "userDefined": false
      },
      {
        "text": "-",
        "userDefined": false
      },
      {
        "text": "46",
        "alias": "slot-end",
        "meta": "@sys.number",
        "userDefined": true
      }
    ],
    "isTemplate": false,
    "count": 0,
    "updated": 1519959452
  },
  {
    "id": "f466b724-5418-44c7-a4ab-7de1b769ac13",
    "data": [
      {
        "text": "2",
        "alias": "slot-start",
        "meta": "@sys.number",
        "userDefined": false
      },
      {
        "text": " - ",
        "userDefined": false
      },
      {
        "text": "3",
        "alias": "slot-end",
        "meta": "@sys.number",
        "userDefined": false
      }
    ],
    "isTemplate": false,
    "count": 0,
    "updated": 1519960055
  },
  {
    "id": "f920bd3d-a650-4f3a-9e5f-2096cd1e86af",
    "data": [
      {
        "text": "45",
        "alias": "slot-start",
        "meta": "@sys.number",
        "userDefined": false
      },
      {
        "text": " and ",
        "userDefined": false
      },
      {
        "text": "46",
        "alias": "slot-end",
        "meta": "@sys.number",
        "userDefined": true
      }
    ],
    "isTemplate": false,
    "count": 0,
    "updated": 1519959452
  },
  {
    "id": "60ecf293-10c2-4135-9094-ad3f0d6ebbd7",
    "data": [
      {
        "text": "45",
        "alias": "slot-start",
        "meta": "@sys.number",
        "userDefined": true
      }
    ],
    "isTemplate": false,
    "count": 0,
    "updated": 1519959452
  }
]